<?xml version="1.0" encoding="UTF-8"?>
<GenRun Id="impl_1" LaunchPart="xc7a35tcsg324-1" LaunchTime="1600939661">
  <File Type="BITSTR-BMM" Name="vga_ram_pic_bd.bmm"/>
  <File Type="OPT-METHODOLOGY-DRC" Name="vga_ram_pic_methodology_drc_opted.rpt"/>
  <File Type="INIT-TIMING" Name="vga_ram_pic_timing_summary_init.rpt"/>
  <File Type="ROUTE-PWR" Name="vga_ram_pic_power_routed.rpt"/>
  <File Type="PA-TCL" Name="vga_ram_pic.tcl"/>
  <File Type="OPT-TIMING" Name="vga_ram_pic_timing_summary_opted.rpt"/>
  <File Type="OPT-DCP" Name="vga_ram_pic_opt.dcp"/>
  <File Type="ROUTE-PWR-SUM" Name="vga_ram_pic_power_summary_routed.pb"/>
  <File Type="REPORTS-TCL" Name="vga_ram_pic_reports.tcl"/>
  <File Type="OPT-DRC" Name="vga_ram_pic_drc_opted.rpt"/>
  <File Type="OPT-HWDEF" Name="vga_ram_pic.hwdef"/>
  <File Type="PWROPT-DCP" Name="vga_ram_pic_pwropt.dcp"/>
  <File Type="PWROPT-DRC" Name="vga_ram_pic_drc_pwropted.rpt"/>
  <File Type="PWROPT-TIMING" Name="vga_ram_pic_timing_summary_pwropted.rpt"/>
  <File Type="PLACE-DCP" Name="vga_ram_pic_placed.dcp"/>
  <File Type="PLACE-IO" Name="vga_ram_pic_io_placed.rpt"/>
  <File Type="PLACE-CLK" Name="vga_ram_pic_clock_utilization_placed.rpt"/>
  <File Type="PLACE-UTIL" Name="vga_ram_pic_utilization_placed.rpt"/>
  <File Type="PLACE-UTIL-PB" Name="vga_ram_pic_utilization_placed.pb"/>
  <File Type="PLACE-CTRL" Name="vga_ram_pic_control_sets_placed.rpt"/>
  <File Type="PLACE-SIMILARITY" Name="vga_ram_pic_incremental_reuse_placed.rpt"/>
  <File Type="PLACE-PRE-SIMILARITY" Name="vga_ram_pic_incremental_reuse_pre_placed.rpt"/>
  <File Type="PLACE-TIMING" Name="vga_ram_pic_timing_summary_placed.rpt"/>
  <File Type="POSTPLACE-PWROPT-DCP" Name="vga_ram_pic_postplace_pwropt.dcp"/>
  <File Type="BG-BIN" Name="vga_ram_pic.bin"/>
  <File Type="POSTPLACE-PWROPT-TIMING" Name="vga_ram_pic_timing_summary_postplace_pwropted.rpt"/>
  <File Type="PHYSOPT-DCP" Name="vga_ram_pic_physopt.dcp"/>
  <File Type="PHYSOPT-DRC" Name="vga_ram_pic_drc_physopted.rpt"/>
  <File Type="BITSTR-MSK" Name="vga_ram_pic.msk"/>
  <File Type="PHYSOPT-TIMING" Name="vga_ram_pic_timing_summary_physopted.rpt"/>
  <File Type="ROUTE-ERROR-DCP" Name="vga_ram_pic_routed_error.dcp"/>
  <File Type="ROUTE-DCP" Name="vga_ram_pic_routed.dcp"/>
  <File Type="ROUTE-BLACKBOX-DCP" Name="vga_ram_pic_routed_bb.dcp"/>
  <File Type="ROUTE-DRC" Name="vga_ram_pic_drc_routed.rpt"/>
  <File Type="ROUTE-DRC-PB" Name="vga_ram_pic_drc_routed.pb"/>
  <File Type="ROUTE-DRC-RPX" Name="vga_ram_pic_drc_routed.rpx"/>
  <File Type="BITSTR-MMI" Name="vga_ram_pic.mmi"/>
  <File Type="ROUTE-METHODOLOGY-DRC" Name="vga_ram_pic_methodology_drc_routed.rpt"/>
  <File Type="ROUTE-METHODOLOGY-DRC-RPX" Name="vga_ram_pic_methodology_drc_routed.rpx"/>
  <File Type="ROUTE-METHODOLOGY-DRC-PB" Name="vga_ram_pic_methodology_drc_routed.pb"/>
  <File Type="ROUTE-PWR-RPX" Name="vga_ram_pic_power_routed.rpx"/>
  <File Type="ROUTE-STATUS" Name="vga_ram_pic_route_status.rpt"/>
  <File Type="ROUTE-STATUS-PB" Name="vga_ram_pic_route_status.pb"/>
  <File Type="ROUTE-TIMINGSUMMARY" Name="vga_ram_pic_timing_summary_routed.rpt"/>
  <File Type="ROUTE-TIMING-PB" Name="vga_ram_pic_timing_summary_routed.pb"/>
  <File Type="ROUTE-TIMING-RPX" Name="vga_ram_pic_timing_summary_routed.rpx"/>
  <File Type="ROUTE-SIMILARITY" Name="vga_ram_pic_incremental_reuse_routed.rpt"/>
  <File Type="ROUTE-CLK" Name="vga_ram_pic_clock_utilization_routed.rpt"/>
  <File Type="ROUTE-BUS-SKEW" Name="vga_ram_pic_bus_skew_routed.rpt"/>
  <File Type="ROUTE-BUS-SKEW-PB" Name="vga_ram_pic_bus_skew_routed.pb"/>
  <File Type="ROUTE-BUS-SKEW-RPX" Name="vga_ram_pic_bus_skew_routed.rpx"/>
  <File Type="POSTROUTE-PHYSOPT-DCP" Name="vga_ram_pic_postroute_physopt.dcp"/>
  <File Type="POSTROUTE-PHYSOPT-BLACKBOX-DCP" Name="vga_ram_pic_postroute_physopt_bb.dcp"/>
  <File Type="POSTROUTE-PHYSOPT-TIMING" Name="vga_ram_pic_timing_summary_postroute_physopted.rpt"/>
  <File Type="POSTROUTE-PHYSOPT-TIMING-PB" Name="vga_ram_pic_timing_summary_postroute_physopted.pb"/>
  <File Type="POSTROUTE-PHYSOPT-TIMING-RPX" Name="vga_ram_pic_timing_summary_postroute_physopted.rpx"/>
  <File Type="POSTROUTE-PHYSOPT-BUS-SKEW" Name="vga_ram_pic_bus_skew_postroute_physopted.rpt"/>
  <File Type="POSTROUTE-PHYSOPT-BUS-SKEW-PB" Name="vga_ram_pic_bus_skew_postroute_physopted.pb"/>
  <File Type="BG-BIT" Name="vga_ram_pic.bit"/>
  <File Type="POSTROUTE-PHYSOPT-BUS-SKEW-RPX" Name="vga_ram_pic_bus_skew_postroute_physopted.rpx"/>
  <File Type="BITSTR-RBT" Name="vga_ram_pic.rbt"/>
  <File Type="BITSTR-NKY" Name="vga_ram_pic.nky"/>
  <File Type="PDI-FILE" Name="vga_ram_pic.pdi"/>
  <File Type="RCFI_FILE" Name="vga_ram_pic.rcfi"/>
  <File Type="CFI_FILE" Name="vga_ram_pic.cfi"/>
  <File Type="RNPI_FILE" Name="vga_ram_pic.rnpi"/>
  <File Type="NPI_FILE" Name="vga_ram_pic.npi"/>
  <File Type="RBD_FILE" Name="vga_ram_pic.rbd"/>
  <File Type="BITSTR-LTX" Name="debug_nets.ltx"/>
  <File Type="BITSTR-LTX" Name="vga_ram_pic.ltx"/>
  <File Type="BITSTR-SYSDEF" Name="vga_ram_pic.sysdef"/>
  <File Type="BG-BGN" Name="vga_ram_pic.bgn"/>
  <File Type="BG-DRC" Name="vga_ram_pic.drc"/>
  <File Type="RDI-RDI" Name="vga_ram_pic.vdi"/>
  <File Type="WBT-USG" Name="usage_statistics_webtalk.html"/>
  <FileSet Name="sources" Type="DesignSrcs" RelSrcDir="$PSRCDIR/sources_1">
    <Filter Type="Srcs"/>
    <File Path="$PSRCDIR/sources_1/vga_display.v">
      <FileInfo>
        <Attr Name="UsedIn" Val="synthesis"/>
        <Attr Name="UsedIn" Val="implementation"/>
        <Attr Name="UsedIn" Val="simulation"/>
      </FileInfo>
    </File>
    <File Path="$PSRCDIR/sources_1/vga_driver.v">
      <FileInfo>
        <Attr Name="UsedIn" Val="synthesis"/>
        <Attr Name="UsedIn" Val="implementation"/>
        <Attr Name="UsedIn" Val="simulation"/>
      </FileInfo>
    </File>
    <File Path="$PSRCDIR/sources_1/vga_ram_pic.v">
      <FileInfo>
        <Attr Name="UsedIn" Val="synthesis"/>
        <Attr Name="UsedIn" Val="implementation"/>
        <Attr Name="UsedIn" Val="simulation"/>
      </FileInfo>
    </File>
    <File Path="$PPRDIR/test7.coe">
      <FileInfo>
        <Attr Name="UsedIn" Val="synthesis"/>
        <Attr Name="UsedIn" Val="simulation"/>
      </FileInfo>
    </File>
    <Config>
      <Option Name="DesignMode" Val="RTL"/>
      <Option Name="TopModule" Val="vga_ram_pic"/>
      <Option Name="TopAutoSet" Val="TRUE"/>
    </Config>
  </FileSet>
  <FileSet Name="constrs_in" Type="Constrs" RelSrcDir="$PSRCDIR/constrs_1">
    <Filter Type="Constrs"/>
    <File Path="$PSRCDIR/constrs_1/new/vga.xdc">
      <FileInfo>
        <Attr Name="UsedIn" Val="synthesis"/>
        <Attr Name="UsedIn" Val="implementation"/>
      </FileInfo>
    </File>
    <Config>
      <Option Name="TargetConstrsFile" Val="$PSRCDIR/constrs_1/new/vga.xdc"/>
      <Option Name="ConstrsType" Val="XDC"/>
    </Config>
  </FileSet>
  <FileSet Name="utils" Type="Utils" RelSrcDir="$PSRCDIR/utils_1">
    <Filter Type="Utils"/>
    <Config>
      <Option Name="TopAutoSet" Val="TRUE"/>
    </Config>
  </FileSet>
  <Strategy Version="1" Minor="2">
    <StratHandle Name="Vivado Implementation Defaults" Flow="Vivado Implementation 2019"/>
    <Step Id="init_design"/>
    <Step Id="opt_design"/>
    <Step Id="power_opt_design"/>
    <Step Id="place_design"/>
    <Step Id="post_place_power_opt_design"/>
    <Step Id="phys_opt_design" EnableStepBool="1"/>
    <Step Id="route_design"/>
    <Step Id="post_route_phys_opt_design"/>
    <Step Id="write_bitstream"/>
  </Strategy>
  <BlockFileSet Type="BlockSrcs" Name="dcm_25m"/>
</GenRun>
